{
  "best_dice": 0.7099265423071219,
  "model_params": 2219074,
  "training_history_file": "C:\\Users\\ppagaria2278\\Desktop\\cnn_friend_bundle\\cnn_friend_bundle\\cnnv2_results\\runs\\proposed_50ep\\training_history.json",
  "sota_results": [
    {
      "name": "Proposed",
      "dice": 0.7099265423071219,
      "params": 2219074
    }
  ],
  "publication_metrics": {
    "confusion_matrix": [
      [
        22964198,
        113992,
        5100,
        9916
      ],
      [
        183799,
        1058635,
        45873,
        16591
      ],
      [
        46032,
        57611,
        260651,
        63386
      ],
      [
        46762,
        45840,
        34900,
        474682
      ]
    ],
    "per_class_metrics": {
      "BG": {
        "tp": 22964198,
        "fp": 276593,
        "fn": 129008,
        "tn": 2058169,
        "precision": 0.9880988129879056,
        "recall": 0.9944135950634139,
        "specificity": 0.8815326787055812,
        "iou": 0.9826442238548992
      },
      "NCR": {
        "tp": 1058635,
        "fp": 217443,
        "fn": 246263,
        "tn": 23905627,
        "precision": 0.8296005416596791,
        "recall": 0.8112779696190814,
        "specificity": 0.990986097540653,
        "iou": 0.6953993881791267,
        "dice": 0.6808046262020175
      },
      "ED": {
        "tp": 260651,
        "fp": 85873,
        "fn": 167029,
        "tn": 24914415,
        "precision": 0.7521874386766861,
        "recall": 0.6094533295922184,
        "specificity": 0.9965651195698225,
        "iou": 0.5075444988151174,
        "dice": 0.6214501364113886
      },
      "ET": {
        "tp": 474682,
        "fp": 89893,
        "fn": 127502,
        "tn": 24735891,
        "precision": 0.840777576052783,
        "recall": 0.788267373427391,
        "specificity": 0.9963790468812587,
        "iou": 0.6858803283449674,
        "dice": 0.769266358923228
      }
    },
    "overall_metrics": {
      "macro_precision": 0.8075218521297161,
      "macro_recall": 0.7363328908795636,
      "macro_specificity": 0.994643421330578,
      "macro_iou": 0.6296080717797371,
      "macro_dice": 0.6905070405122115
    }
  }
}